loc,popgroup1,popgroup2,popgroup3,popgroup4,popgroup5,popgroup6,popgroup7,popgroup8,popgroup9,popgroup10,popgroup11,popgroup12,popgroup13,popgroup14,popgroup15,popgroup16,popgroup17,popgroup18,popgroup19,popgroup20,popgroup21
loc1,1.2705753776252362e-12,1.58863574493412e-14,9.434998488871421e-17,3.539052334109113e-19,9.40307314532684e-22,1.88110783494844e-24,2.9400018284040877e-27,3.67596608357388e-30,3.734382167756267e-33,3.11280128221928e-36,2.1406121265934734e-39,1.2165758629841784e-42,5.7041949352101726e-46,2.1944965018881083e-49,6.859600080453805e-53,1.715349766045329e-56,3.351171152200315e-60,4.929485327976063e-64,5.136227212527301e-68,3.3799830449028147e-72,1.0565217099594315e-76
loc2,1.5631188596350497e-12,7.889000255591355e-13,1.891235219146694e-13,2.863497238600608e-14,3.0710413929443023e-15,2.479908286900281e-16,1.564500116914274e-17,7.895971407504504e-19,3.237866241280069e-20,1.0894256888006953e-21,3.024059057589334e-23,6.937413076774046e-25,1.312982051839726e-26,2.0389444580775484e-28,2.5726183987482872e-30,2.596781054769284e-32,2.0477895721223035e-34,1.2158958285294224e-36,5.113815904505495e-39,1.3583805536576324e-41,1.7139234916366755e-44
loc3,2.1558290609349767e-12,1.8930855903682014e-12,7.896229950532764e-13,2.0801610955793092e-13,3.881609408402235e-14,5.453656022465532e-15,5.986233914620227e-16,5.25665664764076e-17,3.7504977416611325e-18,2.1956017942560174e-19,1.0604060436960173e-20,4.232582590395982e-22,1.393774892183514e-23,3.7658689570402996e-25,8.267251317569624e-27,1.4519346292192518e-28,1.9921545022825186e-30,2.0580694182314556e-32,1.506033738261574e-34,6.960445349075197e-37,1.528033812101614e-39
loc4,3.922878699014639e-12,3.744854901190171e-12,1.6980822428649267e-12,4.863065185839677e-13,9.865046601802535e-14,1.5067778925311803e-14,1.797998679282299e-15,1.7164038664093934e-16,1.3312909189473804e-17,8.472504853782192e-19,4.4484081891844995e-20,1.9302433572044447e-21,6.909926852822841e-23,2.0296455683588496e-24,4.843846023238459e-26,9.248055783774944e-28,1.379432908424861e-29,1.5492152827569266e-31,1.2324254052872493e-33,6.192088532627995e-36,1.4777714829571391e-38
loc5,7.555246673766991e-12,7.257955981589951e-12,3.3118725926529475e-12,9.544662086641457e-13,1.9484316407513201e-13,2.994820779220806e-14,3.596222321867949e-15,3.45471490729169e-16,2.696505219434569e-17,1.7269337924454182e-18,9.124394602118051e-20,3.984254388818037e-21,1.4353043763235485e-22,4.242543751222857e-24,1.0189010738478093e-25,1.9576168622685088e-27,2.9384168439232657e-29,3.320933359238122e-31,2.6585485535098193e-33,1.3441776715936698e-35,3.22821437642044e-38
loc6,1.0572724554993868e-11,1.36696675849688e-11,8.395036698725021e-12,3.2562286221950517e-12,8.946328882011432e-13,1.8506993732681833e-13,2.991003537060936e-14,3.867122791710017e-15,4.0623970456575103e-16,3.501564610802731e-17,2.489980061846556e-18,1.4633365644003212e-19,7.094904072349899e-21,2.822501637966185e-22,9.123159065655359e-24,2.359099607742989e-25,4.7658167588949505e-27,7.249189456500912e-29,7.810507248738019e-31,5.314919297883745e-33,1.717938920689322e-35
loc7,1.0401898465963196e-11,2.0837762061328618e-11,1.9828193511410228e-11,1.1916339498469248e-11,5.072712705644137e-12,1.6259182796151688e-12,4.071432050679074e-13,8.156158474198472e-14,1.3275396146960063e-14,1.7729426801938212e-15,1.9534209847872888e-16,1.778736563408779e-17,1.3362304510823233e-18,8.236381757209173e-20,4.124914405398888e-21,1.6526595637191504e-22,5.172993010279127e-24,1.2191620353311947e-25,2.0352541485227288e-27,2.145870513319812e-29,1.0746869746252323e-31
loc8,1.8454363873813963e-11,3.811179144505954e-11,3.7386366287925237e-11,2.3162999352296863e-11,1.016515518502929e-11,3.3588783840398863e-12,8.670907958218215e-13,1.790708354958988e-13,3.0047511722265124e-14,4.1369239566037245e-15,4.698946616362657e-16,4.4110107279384616e-17,3.416092842754159e-18,2.170733897875533e-19,1.1207451820642912e-20,4.629106365730517e-22,1.4937484569541993e-23,3.6292662299973016e-25,6.2459408247120284e-27,6.78898029406028e-29,3.5051357345753286e-31
loc9,3.334257574086305e-11,6.987127644075173e-11,6.95491485710711e-11,4.372326682673771e-11,1.9470229399972e-11,6.528156871110798e-12,1.7100158103223701e-12,3.5834360347470184e-13,6.101302491946507e-14,8.523752461450891e-15,9.824106213221384e-16,9.357716833305647e-17,7.353611769480847e-18,4.741512148372778e-19,2.4840275436498237e-20,1.0410843873473703e-21,3.408831155165063e-23,8.404001003313621e-25,1.467588771671796e-26,1.618640155517318e-28,8.479882796340669e-31
loc10,5.128201125206122e-11,1.1759888428158212e-10,1.2809582136398008e-10,8.812403397847298e-11,4.294290847829947e-11,1.5756131248541506e-11,4.516455698069409e-12,1.0357046029055841e-12,1.9297339067499265e-13,2.950151509967137e-14,3.720875696171121e-15,3.8784717516549823e-16,3.3352627430388156e-17,2.3533409011859156e-18,1.3491585916618763e-19,6.187727088881255e-21,2.217120658288447e-22,5.9814786182056324e-24,1.1430506115125197e-25,1.3795899155866213e-27,7.909120122145545e-30
loc11,9.314654968372565e-11,2.1374078368541173e-10,2.329708756110487e-10,1.603775266976386e-10,7.820293828524357e-11,2.8712015416300968e-11,8.235582392887077e-12,1.8897960694608703e-12,3.5233755473417607e-13,5.3899942493051136e-14,6.8025480208334115e-15,7.095280354976761e-16,6.1055030568355e-17,4.310808365437178e-18,2.472972862319427e-19,1.1349323392431818e-20,4.0692148629536692e-22,1.0985310109149091e-23,2.100640334799787e-25,2.5369898177477224e-27,1.4553899035673205e-29
loc12,1.3949964341646602e-10,3.488349629874259e-10,4.143434958009066e-10,3.108341236191203e-10,1.6517127974221092e-10,6.608477652771855e-11,2.0656576613297246e-11,5.165415453309999e-12,1.0494833103344874e-12,1.7495694505038818e-13,2.4062502151251335e-14,2.735048388180979e-15,2.56473909151401e-16,1.973361903463733e-17,1.233654813905986e-18,6.169792564464125e-20,2.410668528601074e-21,7.091947008140878e-23,1.4778526856802949e-24,1.9450217116744534e-26,1.2159378335758713e-28
loc13,1.947705655906905e-10,5.407668329668265e-10,7.131655864237054e-10,5.940162894454986e-10,3.504644819020285e-10,1.5568641380344456e-10,5.4031552889629515e-11,1.5001482204352708e-11,3.3841083725579375e-12,6.263826574598019e-13,9.56509165950892e-14,1.2071275918606154e-14,1.2568144527979033e-15,1.0736791681895357e-16,7.45248751580439e-18,4.138261917989712e-19,1.795249118327796e-20,5.863980507831196e-22,1.35674426223067e-23,1.9825817963583327e-25,1.3761248726969157e-27
loc14,3.0194044553247116e-10,8.827131277530192e-10,1.2257770589606854e-9,1.0750558770637347e-9,6.67864356468452e-10,3.123967755818263e-10,1.1416023381179372e-10,3.33743751604114e-11,7.92747364933707e-12,1.5450475226100962e-12,2.4842930560124295e-13,3.301250185070936e-14,3.619161807579644e-15,3.2555392309786266e-16,2.37936591438754e-17,1.3911998603923932e-18,6.354887188157398e-20,2.18568319733836e-21,5.324811785310274e-23,8.193113184113275e-25,5.988075357070213e-27
loc15,4.899865290744707e-10,1.4733420196718017e-9,2.104343435195368e-9,1.8982670479228347e-9,1.2129298328945936e-9,5.835459984886217e-10,2.1933328493964366e-10,6.595139373007352e-11,1.6112642903746146e-11,3.22994374054826e-12,5.341670338800941e-13,7.300856895963743e-14,8.232363498404853e-15,7.616590594422251e-16,5.725587492474599e-17,3.4432573711380785e-18,1.6177408294726703e-19,5.722811689880874e-21,1.4339950238524848e-22,2.2694126849750203e-24,1.705976016863988e-26
loc16,7.016615568828051e-10,2.261857044058261e-9,3.4633488009233706e-9,3.3493070004579125e-9,2.294306109469523e-9,1.1833380088221184e-9,4.768220134944711e-10,1.5370704286206852e-10,4.025822354017957e-11,8.651687374766284e-12,1.5339138808171055e-12,2.2475831456915868e-13,2.7169678816240823e-14,2.6948749255357386e-15,2.1717813144339929e-16,1.4001789939952833e-17,7.052466858497688e-19,2.6746046681716537e-20,7.184818841117344e-22,1.21898873254211e-23,9.823747019777743e-26
loc17,1.1161195296258175e-9,3.691559169992902e-9,5.799660478399217e-9,5.7547034847758e-9,4.0446506125772765e-9,2.140425524249397e-9,8.849306976084734e-10,2.926903387005485e-10,7.865582368498349e-11,1.7343580114876013e-11,3.1550087407997297e-12,4.743260889568481e-13,5.883115932403407e-14,5.9871918159093955e-15,4.950650952666466e-16,3.27485012790288e-17,1.6924294815539994e-18,6.585530762253177e-20,1.815133880479659e-21,3.1597606676711536e-23,2.612722732222721e-25
loc18,1.8718364006895027e-9,6.2107932999261465e-9,9.78858401572611e-9,9.743619474155177e-9,6.8700268819030236e-9,3.647183432288734e-9,1.5126791006225602e-9,5.019101679839223e-10,1.3530958152681045e-10,2.993067278931593e-11,5.462083763011002e-12,8.237868638337262e-13,1.0250034269650384e-13,1.0464564127425138e-14,8.68041202015824e-16,5.760358629155641e-17,2.986405219323755e-18,1.1657595918487026e-19,3.2233460946478256e-21,5.629016544115533e-23,4.669299387554397e-25
loc19,3.098853431593814e-9,1.0324693209182073e-8,1.633980560972493e-8,1.6332183861756308e-8,1.156323401552276e-8,6.164181500115545e-9,2.567210916848508e-9,8.553378113817855e-10,2.3154593493158048e-10,5.143065104076765e-11,9.424554529486899e-12,1.4272967302577285e-12,1.783288704638792e-13,1.8281609073243668e-14,1.5227567971354505e-15,1.0146976686492727e-16,5.282418542121766e-18,2.0705704091127135e-19,5.7489016271157025e-21,1.0081087782269036e-22,8.3969878589279191e-25
loc20,4.647491184125994e-9,1.6030414446021237e-8,2.6264221735318487e-8,2.7177654104482102e-8,1.992035516847792e-8,1.099368365808558e-8,4.740011824269464e-9,1.6349542368496221e-9,4.5820006526379577e-10,1.0536346965664299e-10,1.998844130161426e-11,3.1338804441149902e-12,4.0535904496469807e-13,4.3021216147574126e-14,3.7097860840115255e-15,2.5592047871295005e-16,1.3792761972461152e-17,5.597041045160215e-19,1.6088050532827953e-20,2.9206263342415608e-22,2.518501312050413e-24
loc21,7.625510193843885e-9,2.6306356379017517e-8,4.310683153853909e-8,4.4612765991915615e-8,3.270467803770112e-8,1.8051847419528212e-8,7.784369823233729e-9,2.685438764757997e-9,7.527147331713857e-10,1.7311350558138517e-10,3.284622275551845e-11,5.150561134130752e-12,6.663119579972981e-13,7.07271307093496e-14,6.099831548345298e-15,4.208619187009662e-16,2.2685661635800102e-17,9.207130902254314e-19,2.6468837339620565e-20,4.805881493027897e-22,4.14481221771168e-24
loc22,1.0930986505856327e-8,3.9321837155051833e-8,6.718956850779321e-8,7.250994052456758e-8,5.5428219152879903e-8,3.1902546488829634e-8,1.4345305627185873e-8,5.160410467156281e-9,1.508280302023975e-9,3.617139367283053e-10,7.156527985847977e-11,1.170183944947863e-11,1.578555461349841e-12,1.7472334128914151e-13,1.5713226728615206e-14,1.1304980429204371e-15,6.354249786262182e-17,2.6891795464320223e-18,8.061446859412305e-20,1.5262786761001632e-21,1.372613567921907e-23
loc23,1.686952459615432e-8,6.151162409251458e-8,1.0653815058882283e-7,1.165415415208319e-7,9.030130835165812e-8,5.268274256554406e-8,2.4012243486645192e-8,8.755623708003995e-9,2.5939691590676693e-9,6.30562151334605e-10,1.2645760103866216e-10,2.0959291991021465e-11,2.8659078746894577e-12,3.215386728286479e-13,2.9310793350321616e-14,2.1375285262388154e-15,1.2178289543259591e-16,5.224223154286405e-18,1.587430877745524e-19,3.0464606493320314e-21,2.7770898522692943e-23
loc24,1.6308055468631834e-8,6.921092192186047e-8,1.3952135913332e-7,1.776373997252202e-7,1.6020121148820773e-7,1.0878229901952124e-7,5.7708621503053065e-8,2.4491374245988457e-8,8.445181325212924e-9,2.389407232679316e-9,5.577316851553732e-10,1.0759078873874334e-10,1.7122958865094995e-11,2.2359799592724126e-12,2.3723587811820075e-13,2.0136445904399726e-14,1.3352890883759188e-15,6.666975032240562e-17,2.3578709782359596e-18,5.2667037526461966e-20,5.587935099176873e-22
loc25,1.8881960796533257e-8,8.725686595107513e-8,1.915339381530676e-7,2.655336171904169e-7,2.60753991161248e-7,1.9279841790280372e-7,1.1136943011245026e-7,5.146577486885726e-8,1.9323883213680774e-8,5.953271150878766e-9,1.5131112897072741e-9,3.1783426038158765e-10,5.5078803291976687e-11,7.83165690402245e-12,9.047866426755948e-13,8.362356817175736e-14,6.038113040918027e-15,3.2827274909210704e-16,1.2641718186112907e-17,3.0747161022416304e-19,3.552201141368863e-21
loc26,1.8433771433619646e-8,9.596226946436358e-8,2.3729054399465757e-7,3.7058513836128404e-7,4.0995222247015474e-7,3.414597672048573e-7,2.221958099414628e-7,1.1567038391594245e-7,4.892511540390403e-8,1.6979578758010024e-8,4.861562946677912e-9,1.1503752900362616e-9,2.2457278472245392e-10,3.597162649918412e-11,4.6815147508156144e-12,4.874192800284136e-13,3.964688233753972e-14,2.4281551231038932e-15,1.0533713310903648e-16,2.8861188105678903e-18,3.7561292327402425e-20
loc27,2.2175631700813998e-8,1.2248676069182446e-7,3.213630260871953e-7,5.325131198417844e-7,6.25032206094773e-7,5.523769246207549e-7,3.813806811150769e-7,2.1065503274259703e-7,9.453842401156065e-8,3.4812102083691614e-8,1.0575626079330045e-8,2.6551958191640737e-9,5.499724978746758e-10,9.346968106962868e-11,1.2906958651257403e-11,1.425827752647787e-12,1.2305527603070575e-13,7.996399116033565e-15,3.680665629343248e-16,1.0700052633650246e-17,1.477539404525425e-19
loc28,3.113725462777397e-8,1.7540827496587487e-7,4.693679665982234e-7,7.932397348075448e-7,9.495834885193907e-7,8.558997440124505e-7,6.027020503079391e-7,3.3952552409232573e-7,1.554052038302452e-7,5.836386680082894e-8,1.808325083582317e-8,4.630454116204966e-9,9.781931385831701e-10,1.6955515983715508e-10,2.3879255295736526e-11,2.6904227935103102e-12,2.368156062067185e-13,1.5694993955480254e-14,7.368000830091791e-16,2.1845692918481468e-17,3.0766322818703377e-19
loc29,4.6749091453504924e-8,2.6389555272615567e-7,7.075947099101425e-7,1.1982977076477994e-6,1.4374162799185222e-6,1.298259288102537e-6,9.160735582327506e-7,5.171175106752233e-7,2.3717642041190275e-7,8.925635502522354e-8,2.771154460171989e-8,7.110447742691919e-9,1.505175404628732e-9,2.614343496012046e-10,3.689449358509427e-11,4.165339891952105e-12,3.6739172319405157e-13,2.439884897033033e-14,1.1477491744966264e-15,3.409983554620092e-17,4.812283335113365e-19
loc30,5.2089717490650926e-8,3.1404806388793193e-7,8.993605803965722e-7,1.6266691159998871e-6,2.084021878089874e-6,2.0103254690346377e-6,1.5150274654691655e-6,9.1340760746692e-7,4.474372244532617e-7,1.7983945241676133e-7,5.963370317521418e-8,1.634230143231842e-8,3.694780158781125e-9,6.85408301295085e-10,1.033078889480789e-10,1.2456831816880741e-11,1.1734693353140927e-12,8.323326629074124e-14,4.181766797251818e-15,1.3269370713423255e-16,2.000020532991812e-18
loc31,7.457692724338456e-8,4.531874772440685e-7,1.308111987622875e-6,2.384732088875873e-6,3.079441408109993e-6,2.99409339514955e-6,2.2743053423760437e-06,1.382045008679992e-6,6.823685021412752e-7,2.764401551228658e-7,9.239260938591684e-8,2.5520428801934243e-8,5.815574857283384e-9,1.087383414565734e-9,1.6519470721683639e-10,2.007703330906848e-11,1.906307606663495e-12,1.3628481544820587e-13,6.901438776330152e-15,2.2072902960090875e-16,3.353303621403899e-18
loc32,8.305795862778331e-8,5.350358809165877e-7,1.637111173135732e-6,3.163742162033104e-6,4.330735615914211e-6,4.463579858804605e-6,3.5941398952800067e-6,2.3152432792458944e-6,1.2117740749102078e-6,5.203937269451026e-7,1.843726072681516e-7,5.398528163419219e-8,1.3040921902403751e-8,2.584797875637816e-9,4.1626342352718147e-10,5.3629025124082455e-11,5.397859589182409e-12,4.0907629380683004e-13,2.1959614992052127e-14,7.445138403143453e-16,1.1989869032066762e-17
loc33,1.1329060058321662e-7,7.395934113722929e-7,2.2934316296449277e-6,4.491653095630655e-6,6.231093898803874e-6,6.508537823223641e-6,5.311199326050571e-6,3.4673026780774997e-6,1.8391378364354886e-6,8.004278198019572e-7,2.87398183358888e-7,8.528261181195569e-8,2.087809717091631e-8,4.193790273076854e-9,6.844565300822343e-10,8.936655599203466e-11,9.115787693949072e-12,7.001231381125834e-13,3.808836577730975e-14,1.3086933413910952e-15,2.1358810170855127e-17
loc34,9.570748154793331e-8,6.935864511288394e-7,2.3875304706515392e-6,5.1906875804849555e-6,7.993528671147844e-6,9.268580626464555e-6,8.39610686612236e-6,6.084608925432572e-6,3.5827025456202465e-6,1.7309088790670784e-6,6.8990867796688e-7,2.2726033335914054e-7,6.176033166930881e-8,1.3771491269420316e-8,2.4950295425768775e-9,3.616266268652805e-10,4.0948230467548995e-11,3.491169427146474e-12,2.1083581747397192e-13,8.041656230857088e-15,1.4569351622644132e-16
loc35,1.0851581732303642e-7,8.206806593671534e-7,2.9481458243162025e-6,6.6888486453763685e-6,1.0749579011372041e-5,1.300746277709592e-5,1.229656352403317e-5,9.299613742771235e-6,5.71438415875428e-6,2.881106598081232e-6,1.1984037779210726e-6,4.1196625311253814e-7,1.1683529573675818e-7,2.718766150210565e-8,5.1403538485495946e-9,7.775067432335705e-10,9.187669054270323e-11,8.174619942931812e-12,5.151900624826376e-13,2.0506664645899903e-14,3.8771820270494206e-16
loc36,1.0628939545040343e-7,8.580987159337822e-7,3.290623363735532e-6,7.969787590975845e-6,1.3672659437793178e-5,1.7661203482817556e-5,1.782286930675344e-5,1.4388811980323199e-5,9.438340098128659e-6,5.079859243047876e-6,2.255597909191e-6,8.277254673593964e-7,2.5059067193756824e-7,6.224849486222484e-8,1.256366011014957e-8,2.0285863067079666e-9,2.55894428833098e-10,2.4304641544718977e-11,1.6351413055191942e-12,6.947827122509267e-14,1.4022851261622448e-15
loc37,1.4233314668197866e-7,1.1579821082790756e-6,4.474981635114183e-6,1.092215437332657e-5,1.8882654351007342e-5,2.4579827150610575e-5,2.49968126965846e-5,2.0336697769580908e-5,1.3443105365792353e-5,7.29128613921523e-6,3.262590971118418e-6,1.2065233954346273e-6,3.6809745420415765e-7,9.214573771423823e-8,1.8741789617297663e-8,3.0495576834892066e-9,3.8766150466866073e-10,3.7104753422398536e-11,2.51561457496419e-12,1.0771750853699832e-13,2.1908977378428805e-15
loc38,1.4010109684034533e-7,1.2079062595712147e-6,4.9467337750228155e-6,1.279474071089866e-5,2.3441323054223565e-5,3.233655865760358e-5,3.484941632900107e-5,3.0046037522585282e-5,2.104758496834817e-5,1.2097697165591077e-5,5.736633369938398e-6,2.248154275308167e-6,7.268571632029465e-7,1.9282236724275563e-7,4.156129923866378e-8,7.166561096020979e-9,9.65433868237752e-10,9.792538799366362e-11,7.0356747018237886e-12,3.192595130945576e-13,6.881380178165774e-15
loc39,1.5959210615936576e-7,1.4187809964933566e-6,5.991187741768894e-6,1.597857848800654e-5,3.0185684691783522e-5,4.293633497293583e-5,4.771324345597924e-5,4.241728787563321e-5,3.063869214450419e-5,1.8158623346372286e-5,8.878703772054282e-6,3.587821617256225e-6,1.1960960785917728e-6,3.2717993526892864e-7,7.271610823437982e-8,1.2928989407392154e-8,1.7959265142900525e-9,1.8783373445277564e-10,1.391541951098864e-11,6.510984466833179e-13,1.447073613525368e-14
loc40,1.6001220008781537e-7,1.4934416209557104e-6,6.6208997822660936e-6,1.853845012615214e-5,3.6767788710065644e-5,5.490635933008349e-5,6.405717988510792e-5,5.9786477849167373e-05,4.533790964207704e-5,2.821014948837146e-5,1.4481155965549694e-5,6.1434977590442005e-6,2.150216181930849e-6,6.174956733367689e-7,1.440817854537182e-7,2.6895166131095445e-8,3.9221970731619284e-9,4.3067101070573057e-10,3.3496509014834245e-11,1.6454364003434933e-12,3.839337256096556e-14
loc41,2.0530734811390816e-7,1.930711939159939e-6,8.624304475573891e-6,2.433090842228799e-5,4.862171208326282e-5,7.315823491673105e-5,8.599757808183339e-5,8.087219101837228e-5,6.179247176047669e-5,3.873979315212293e-5,2.0037012808153723e-5,8.564919466350378e-6,3.0204214115216293e-6,8.739712936714044e-7,2.0547082540833418e-7,3.8644985618811564e-8,5.678402390393493e-9,6.282322514028142e-10,4.923250919055345e-11,2.4367521531481364e-12,5.728809170832181e-14
loc42,2.6932913496465043e-7,2.539212805012076e-6,1.1371256931568714e-5,3.2162180909441495e-5,6.443475598279062e-5,9.719768787780308e-5,1.1454647011605208e-4,1.0799346447453108e-4,8.272496778280625e-5,5.1994943538973234e-5,2.6961221460891294e-5,1.155400752946031e-5,4.0848835206589535e-6,1.184982889944316e-6,2.7929801655711614e-7,5.266397192040751e-8,7.757993293726299e-9,8.604908119625835e-10,6.760530161411966e-11,3.3546167956562434e-12,7.906762412240378e-14
loc43,2.8444834972283063e-7,2.7757590545072466e-6,1.2866301420587122e-5,3.7666331375464925e-5,7.81071162807635e-5,1.2195200173193533e-4,1.4875695945878686e-4,1.45162901293343e-4,1.1509523817043914e-4,7.487631170850914e-5,4.0186990087141245e-5,1.782547640282904e-5,6.523050789484851e-6,1.9585999799332357e-6,4.778197547775253e-7,9.325506806691099e-8,1.421905768534337e-8,1.6324137231245471e-9,1.3274780163897673e-10,6.817922863942149e-12,1.6632994303675925e-13
loc44,3.213017854742881e-7,3.2056526035851123e-6,1.5191945120562623e-5,4.547136116037945e-5,9.640514369970305e-5,1.5389464428590538e-4,1.9192733647771572e-4,1.9148737843791995e-4,1.552268484981747e-4,1.0324734637457217e-4,5.665586897585484e-5,2.569363447269667e-5,9.61302620697179e-6,2.951073881974519e-6,7.360772722721641e-7,1.468779901621755e-7,2.2897078038218806e-8,2.687598906772641e-9,2.2345317347496373e-10,1.1733734119220688e-11,2.9267091741749007e-13
loc45,3.0121234945615073e-7,3.1522924586752113e-6,1.567017483648e-5,4.9198156103837693e-5,1.0941112659792848e-4,1.8320410561786348e-4,2.3966187042971846e-4,2.50814519441733e-4,2.132700019328012e-4,1.4879633808026333e-4,8.564631111263622e-5,4.074175292570732e-5,1.5989125371121134e-5,5.148670229000689e-6,1.3470658129047907e-6,2.8195028597106973e-7,4.610481618038017e-8,5.676505964545434e-9,4.950551489663291e-10,2.7268026684628436e-11,7.134235617837941e-13
loc46,2.9970834518630035e-7,3.253206699660616e-6,1.6773283594974907e-5,5.462005924382349e-5,1.2598647459566173e-4,2.1880474123813068e-4,2.96879058235318e-4,3.222495992361241e-4,2.8420294755851077e-4,2.056601465859363e-4,1.2277944128344704e-4,6.0578120420190436e-5,2.4658115594175782e-5,8.235488127593341e-6,2.23481808080855e-6,4.851600077061443e-7,8.228446363079745e-8,1.0507798573124962e-8,9.504807275087557e-10,5.430033845786264e-11,1.4735177356769235e-12
loc47,2.2340904637295376e-7,2.6111959605082827e-6,1.449678791465052e-5,5.0831362459542105e-5,1.262494210786397e-4,2.3609570601664754e-4,3.4493464110606437e-4,4.031582230524084e-4,3.8285789081241473e-4,2.9832184332386646e-4,1.917725547268319e-4,1.0188317803940763e-4,4.465524347480977e-5,1.605934437233435e-5,4.692524299513705e-6,1.0969207106342652e-6,2.0032445635508455e-7,2.7545696465886527e-8,2.6829416157212094e-9,1.6504270442580825e-10,4.8225312504646905e-12
loc48,2.7538769816365163e-7,3.227625421537117e-6,1.7968644995143858e-5,6.317935306874607e-5,1.5735215690880882e-4,2.9507422454042113e-4,4.322946679888763e-4,5.066621600383482e-4,4.824812397231111e-4,3.769882061131225e-4,2.4301274137562191e-4,1.294627879583507e-4,5.6900333830788046e-5,2.0519654535806968e-5,6.0124107814696665e-6,1.4093447174581653e-6,2.5809277634481823e-7,3.558733897916801e-8,3.475784646516879e-9,2.14406452386448e-10,6.282267879780563e-12
loc49,2.928645586612132e-7,3.506326126323307e-6,1.9940287094351932e-5,7.16206323410344e-5,1.8221434951259924e-4,3.490503253559574e-4,5.223764019074419e-4,6.254160742958496e-4,6.083841602616304e-4,4.855926770878193e-4,3.197571819595485e-4,1.7401356982055163e-4,7.812677073991825e-5,2.8780743054627562e-5,8.614448925533606e-6,2.0627328529989605e-6,3.8587665143522727e-7,5.4351941856896295e-08,5.422746570986858e-9,3.41704892441545e-10,1.0227669723312944e-11
loc50,3.0432484347819394e-7,3.7275295271039762e-06,2.168694544585576e-5,7.968990823574971e-5,2.074177630234376e-4,4.0648976391366784e-4,6.223623497740713e-4,7.623018905805799e-4,7.586370548159978e-4,6.194788415041017e-4,4.173235105297898e-4,2.3234528097663886e-4,1.0672073532822066e-4,4.022065445630595e-5,1.231608922983556e-5,3.0170777868780034e-6,5.774178674310205e-7,8.32060638473544e-8,8.492927499233705e-9,5.475042576064268e-10,1.6765294800762194e-11
loc51,3.2518186136852046e-7,4.053695051065831e-6,2.4003216727689008e-5,8.97667420155614e-5,2.37793051308481e-4,4.7428993054424867e-4,7.390582673208801e-4,9.213050285399358e-4,9.33150242585826e-4,7.755058465544193e-4,5.317071836236888e-4,3.0128298750633055e-4,1.4084149907895644e-4,5.4022171839315596e-5,1.6835918346679108e-5,4.197508347781939e-6,8.175914790708447e-7,1.199063527299164e-7,1.2456203907126176e-8,8.172536522839534e-10,2.5469571640517434e-11
loc52,1.997761045146135e-7,2.7141186773357633e-6,1.751490300086861e-5,7.138620329275306e-5,2.0609075583881826e-4,4.479853251778395e-4,7.607800124492417e-4,0.001033580690818395,0.0011409143699860579,0.0010333491446482147,7.721382501085967e-4,4.7682353093066594e-4,2.4292613490420637e-4,1.0154912194304679e-4,3.449065757918374e-5,9.371665160525477e-6,1.989399857758832e-6,3.179716862800385e-7,3.599917078393909e-8,2.5740927385390216e-9,8.742778817113331e-11
loc53,2.0603884109494002e-7,2.851500528979739e-6,1.8745258084308896e-5,7.78282090782659e-5,2.2888657964964215e-4,5.068327501582665e-4,8.767969715687059e-4,0.0012134542278287928,0.0013644924181545862,0.0012589376616174975,9.582774606659508e-4,6.028273538304723e-4,3.1285894491957233e-4,1.332261793557992e-4,4.609501282478577e-5,1.2758754878905431e-5,2.7590062094740536e-6,4.492189932827198e-7,5.180852431213757e-8,3.773740035888287e-9,1.3056787801976884e-10
loc54,2.3087315337913145e-7,3.217905951467693e-6,2.1304280365401405e-5,8.908160551735906e-5,2.6384379334524647e-4,5.883920242345342e-4,0.0010251247107276134,0.0014288170189410863,0.0016180796516312784,0.0015035177151679208,0.0011525801909531633,7.302110196024859e-4,3.8166256309164515e-4,1.63680187450171e-4,5.703428935155507e-5,1.5898858438574107e-5,3.4624688954072965e-6,5.677627125915193e-7,6.594555585787598e-8,4.8376210409090866e-9,1.6856669247423407e-10
loc55,2.4490630354807407e-7,3.4565205409540715e-6,2.3172448755096093e-5,9.811431222366114e-5,2.942594892945256e-4,6.644918187122305e-4,0.0011723001753116832,0.0016545428098111322,0.0018973198787379953,0.001785206570460534,0.0013857674139806098,8.890104022370858e-4,4.7051913404269624e-4,2.0433045720483095e-4,7.209618660676827e-5,2.0350799168534632e-5,4.4878741846741e-6,7.451795468095139e-7,8.764332770431379e-8,6.5103514905749896e-9,2.2971196872017325e-10
loc56,2.774084934888241e-7,3.928532061016705e-6,2.6426184292920792e-5,1.1227065646703933e-4,3.37859196118069e-4,7.655371570590429e-4,0.001355148335394784,0.0019190990211142601,0.0022081638793897363,0.0020847337169487452,0.0016237674371441327,0.0010452295877707897,5.55077355649656e-4,2.4186927212138619e-4,8.56310470304617e-5,2.425335356151612e-5,5.366638869773153e-6,8.941162625917632e-7,1.0551720916726097e-7,7.864665265771412e-9,2.7843947077085606e-10
loc57,2.878370659625439e-7,4.128567318821621e-6,2.812843899480109e-5,1.2103738645513711e-4,3.6891908530154035e-4,8.466496967773922e-4,0.0015179812999918843,0.00217730401217486,0.002537435980723016,0.002426366974566645,0.0019141317497247355,0.0012479632530055876,6.712521914376647e-4,2.962477134004234e-4,1.0623011874188081e-4,3.04740596938508e-5,6.829721448873427e-6,1.1524888088696064e-6,1.3775523824260537e-7,1.0399373407624396e-8,3.7290639622250685e-10
loc58,1.803128801710251e-7,2.7752877566188317e-6,2.029003978666493e-5,9.3688313804033e-5,3.064260100182261e-4,7.546175098364839e-4,0.001451838003747277,0.002234598123313221,0.002794499708203773,0.00286743828050323,0.002427381499233996,0.0016982304589559418,9.801875071654565e-4,4.6420206839216903e-4,1.7861928606874796e-4,5.4984415672624936e-5,1.3223332225727872e-5,2.3944361074227407e-6,3.0711658935260364e-7,2.4878886822096222e-8,9.573091773890426e-10
loc59,1.7370843591452136e-7,2.7234127421679877e-6,2.0281479361946717e-5,9.539232628550568e-5,3.1780807623385526e-4,7.972186818193076e-4,0.0015623561292019362,0.002449472627896204,0.003120243704151817,0.0032612929505769,0.0028121925696532684,0.0020040794316958936,0.0011782535413140086,5.683919885685581e-4,2.2278221205323872e-4,6.985589523501573e-5,1.7112586008435372e-5,3.156379931318927e-6,4.123828375030339e-7,3.4028243887809345e-8,1.3337428391109182e-9
loc60,1.9200220641562872e-7,3.01511715684072e-6,2.2490327213496414e-5,1.0595342529176565e-4,3.535671502544437e-4,8.883617751931696e-4,0.0017438047196630996,0.002738393285468026,0.0034939538426171516,0.003657833026244865,0.0031592539617635814,0.0022550689771076754,0.0013279724663719749,6.416581017348006e-4,2.519078279728785e-4,7.91169672726931e-5,1.9412775401321327e-5,3.5864656586727754e-6,4.6933549800273594e-7,3.879071410469393e-8,1.5228802549537588e-9
loc61,1.9590417865772232e-7,3.1060901349568556e-6,2.3392574351785583e-5,1.1126783245232473e-4,3.7488573651577e-4,9.510191326441285e-4,0.001884818873122533,0.002988408592455328,0.0038497603986163984,0.0040692352346338,0.003548508422915752,0.0025573696937287826,0.0015205305021225044,7.41791974314044e-4,2.940305752273712e-4,9.323797739762266e-5,2.3098470558921518e-5,4.308584883465784e-6,5.692771628563817e-7,4.750513052161742e-8,1.8830024234812076e-9
loc62,1.716011932575179e-7,2.7912319132943284e-6,2.1565778983237982e-5,1.0523544048332927e-4,3.637446179190792e-4,9.466559681096426e-4,0.0019247654248045391,0.003130786317585568,0.004137637271301935,0.004486800656046935,0.0040139788763151295,0.0029677548289768394,0.0018102347874649552,9.059978436334548e-4,3.684196546830769e-4,1.1985286094054858e-4,3.046099250593274e-5,5.829089755021169e-6,7.901237476272295e-7,6.764210784206344e-8,2.7506337005467184e-9
loc63,1.5687516348983613e-7,2.601840618849079e-6,2.0497495373176175e-5,1.019878765896355e-4,3.5944627073573014e-4,9.538508318988483e-4,0.00197750219310385,0.003279770624885503,0.004419705578009818,0.004886845157812317,0.004457771116041075,0.0033606368335497732,0.0020901591170206196,0.0010666513462125867,4.4227153887648016e-4,1.467051926909095e-4,3.801824019334224e-5,7.418217839525668e-6,1.0252855447275886e-6,8.949890697690375e-8,3.7109426109090784e-9
loc64,1.5009895464664734e-7,2.522607766464799e-6,2.0137956525042838e-5,1.015333497499576e-4,3.6260994397293276e-4,9.750609261916465e-4,0.0020483955659267,0.003442594637359916,0.004700903308366511,0.005266985468798233,0.004868519014272464,0.0037191718882135976,0.0023439566698128414,0.0012120995191670114,5.092726441661554e-4,1.7117975677391665e-4,4.49515314034828e-5,8.887868633835548e-6,1.2447680762675052e-6,1.10104964598082e-7,4.6261421252952255e-9
loc65,1.1340184271326962e-7,1.9789245351335766e-6,1.640332780734708e-5,8.587412800127131e-5,3.184420388452317e-4,8.891181992971951e-4,0.0019394502076917274,0.003384447297188362,0.004798662947308253,0.005582620537760446,0.0053580889591418445,0.004250072713658652,0.002781229002080629,0.0014933531069979244,6.514958294214612e-4,2.2737921193029476e-4,6.199831756784021e-5,1.2728291122706838e-5,1.8509640136341487e-6,1.7000179058592834e-7,7.416561899654348e-9
loc66,1.1645336071728834e-7,2.0388541464387126e-6,1.695562882257612e-5,8.905725154891001e-5,3.313312163162376e-4,9.281463687368256e-4,0.002031237077171115,0.0035562701769031543,0.005058855212929985,0.005904663099221409,0.005685804791687038,0.004524841768868846,0.0029707684085757695,0.001600366929499647,7.004767251747788e-4,2.4527757152042155e-4,6.709837400818941e-5,1.3820609709506609e-5,2.016415787901164e-6,1.858063793356809e-7,8.132700177348269e-9
loc67,8.843808166772746e-8,1.6023409135110037e-6,1.3789995989057048e-5,7.495506806707031e-5,2.8858619069383433e-4,8.365870479377675e-4,0.0018946838699821804,0.003432830547419791,0.005053489225893965,0.006104016422141104,0.0060826662971703764,0.005009413924714936,0.003403563006844772,0.0018974312195821827,8.594520641946172e-4,3.114348886115799e-4,8.816635720344501e-5,1.8793149988071274e-5,2.8374874028413305e-6,2.7058016014716496e-7,1.2256079417719269e-8
loc68,8.356863685374537e-8,1.5292397525863769e-6,1.3292340245623704e-5,7.297178417814693e-5,2.8375672314430087e-4,8.308036649784594e-4,0.0019003809905727928,0.0034775464399753927,0.005170452692390978,0.00630767880850598,0.006348403478888291,0.0052804884979887334,0.0036235781276107853,0.0020402647647467377,9.33380662147344e-4,3.416025118009659e-4,9.767273351148889e-5,2.1027453311637783e-5,3.2065476066983565e-6,3.088277746631845e-7,1.4128258144986137e-8
loc69,7.064780973138723e-8,1.319518655171523e-6,1.1706470544291481e-5,6.559399220502301e-5,2.603393587294844e-4,7.779947133819252e-4,0.0018163665332220971,0.003392503652028964,0.005148260642910306,0.006410414312757212,0.006585149232329327,0.005590617414998193,0.003915686134360531,0.0022503047905378165,0.0010507470657003576,3.9250483782298537e-4,1.1454651286291111e-4,2.5169800847685502e-5,3.917557375068156e-6,3.851045033519888e-7,1.7981894212134165e-8
loc70,5.7665204825952805e-8,1.1019432454097258e-6,1.0002261968726593e-5,5.734094788281937e-5,2.3284621912052187e-4,7.119255201565165e-4,0.0017005521799044357,0.003249640738758122,0.0050454988137540084,0.006427739054911848,0.006755637148791937,0.005867985371940609,0.004204996885224929,0.0024724510699986276,0.0011811718888427708,4.514279931916056e-4,1.3478882905530257e-4,3.0302632784510556e-5,4.8255242793013916e-6,4.853290555357794e-7,2.318577884891339e-8
loc71,2.329438169448353e-8,4.878336375808364e-7,4.852727537969447e-6,3.048791452915378e-5,1.356773048944343e-4,4.546191716227629e-4,0.0011900859138238011,0.002492291695004995,0.004240751217564877,0.005920686855377245,0.006819544016812625,0.006491621823034938,0.005098061083888243,0.003285051854702683,0.0017198984039795229,7.203662288074363e-4,2.3571863969077132e-4,5.807584746961039e-5,1.0135259329291084e-5,1.1171251260407126e-6,5.8487409219199005e-8
loc72,1.5642481864492076e-8,3.4046624809140536e-7,3.5199466343937313e-6,2.2984006652059155e-5,1.0630484970215936e-4,3.70204305383763e-4,0.0010072096612703007,0.0021922409588502356,0.0038768594988201994,0.005625449206740289,0.006734235532517329,0.006662450967534604,0.005437931070480869,0.0036418222258411785,0.001981650930122881,8.626319826360774e-4,2.9336884201384993e-4,7.512136411798491e-5,1.362544278156615e-5,1.5608653081668933e-6,8.49324870329451e-8
loc73,1.1556312328578431e-8,2.586574671974744e-7,2.7499473561727633e-6,1.846508811418232e-5,8.782457736699742e-5,3.1451531725405535e-4,8.79949124801728e-4,0.001969533233547067,0.003581726604504369,0.005344498056551876,0.006579234450353175,0.006693579588369586,0.005618177408973792,0.003869170232358767,0.0021650283931467897,9.691686147960904e-4,3.3894178899649714e-4,8.92507637960003e-5,1.6647017846561128e-5,1.9610496707702675e-6,1.0973226719467617e-7
loc74,5.697539385948729e-9,1.3597747798404527e-7,1.5414883165420733e-6,1.1036748292194236e-5,5.5973146117062325e-5,2.137368215507503e-4,6.376303869542614e-4,0.00152176871506776,0.0029508808025787273,0.0046950481858392245,0.0061628612361005,0.006685584068395345,0.005983430733577127,0.004393863416523956,0.002621598665288572,0.0012513415025139692,4.666330774634757e-4,1.310195914395685e-4,2.6057613652175333e-5,3.2731106375719437e-6,1.952901504978687e-7
loc75,4.3983098333527844e-09,1.0720398746589064e-7,1.2411654244279105e-6,9.075614564108898e-6,4.7006736156259754e-5,1.8331803786971268e-4,5.585220624133341e-4,0.001361336387089848,0.0026959630923634537,0.004380743278104773,0.005872670205126907,0.006506359435531143,0.005946952083326381,0.0044600137553305885,0.0027176988254581716,0.0013248186774436155,5.045469533768686e-4,1.4467976086311794e-4,2.9386756613722524e-5,3.7698422289291873e-6,2.2971444394041124e-7
loc76,3.847687590606246e-9,9.46016622166452e-8,1.1048195272144105e-6,8.14913591054489e-6,4.257645123993927e-5,1.6748981672702064e-4,5.147512204934803e-4,0.0012655996605758057,0.002528242246211016,0.004144063386050912,0.005603869895382606,0.0062627392127828875,0.005774236397905645,0.004368276936855031,0.002685029966167353,0.0013203166417204478,5.072208388877306e-4,1.467158813756961e-4,3.0060406250251548e-5,3.889915875603057e-6,2.3909978334349756e-7
loc77,2.389611615822535e-9,6.106100271838206e-8,7.411295891919175e-7,5.6813561953762384e-6,3.0849459826861106e-5,1.261258649983719e-4,4.028568771662601e-4,0.0010294076539003065,0.002137210867186847,0.0036407656571179393,0.005116724413199784,0.0059430031001856485,0.005694739147979917,0.0044774122776701664,0.0028602480989785304,0.0014617406091479758,5.836156773196988e-4,1.7544647016054093e-4,3.735940923226779e-5,5.0243861554385975e-6,3.209664435258407e-7
loc78,1.3158177294839217e-9,3.5261585076523966e-8,4.4885031814656363e-7,3.6085181082392426e-6,2.0549152745342063e-5,8.810894476268402e-5,2.9514546184245026e-4,7.909375728498048e-4,0.0017221527656067295,0.0030767096332828263,0.00453477034336457,0.005523809770430871,0.005551062006978457,0.004577188672825172,0.0030665137765971072,0.00164354277950369,6.881880636821068e-4,2.1696731118716673e-4,4.8452831085069866e-5,6.833947747037864e-6,4.5784424485830793e-7
loc79,6.684363376839463e-10,1.8882636018557166e-8,2.5337210648398686e-7,2.1472500794478276e-6,1.2889739267014495e-5,5.825949098972434e-5,2.057213045144028e-4,5.811414334337006e-4,0.0013338524186451374,0.0025119968603160296,0.0039028723971830785,0.005011459699991193,0.00530882098087016,0.0046144217996556556,0.0032588162240287854,0.001841163836870869,8.126715062027934e-4,2.7008388857194574e-4,6.357992370735885e-5,9.452985074590766e-6,6.675926576299803e-7
loc80,4.060665163595456e-10,1.1888946016615632e-8,1.6534198229460098e-7,1.4522807145518362e-6,9.03557260483532e-6,4.2327423946664575e-5,1.549094908254892e-4,4.535489875887557e-4,0.0010789311873363446,0.0021059529453259975,0.0033912322069149293,0.0045131630380611945,0.004955168940491838,0.004463970133220192,0.0032674388182407743,0.0019133024840818406,8.75285707139096e-4,3.014928981002904e-4,7.35600500061418e-5,1.1335341019380197e-5,8.296993967117311e-7
loc81,2.7880907879548847e-10,8.363887592306253e-9,1.1917991544788427e-7,1.0725698966185837e-6,6.837318547534807e-6,3.281761928925951e-5,1.2306041107425946e-4,3.691642502226707e-4,8.997964657592975e-4,0.0017995101470100728,0.0029690551544111466,0.004048525326189521,0.00455438147259348,0.004203851042641864,0.003152743243455034,0.001891558926960423,8.866274586800882e-4,3.1291294313781843e-4,7.822463714504097e-5,1.2350690316500755e-5,9.262591621914996e-7
loc82,1.6289023845562717e-10,5.068533190867362e-9,7.491402647257527e-8,6.993130464497391e-7,4.623999736404142e-6,2.3021044217979483e-5,8.954106751080696e-5,2.786182136677587e-4,7.044012351612894e-4,0.0014612216070375677,0.002500725431177385,0.003536963398103161,0.004127138744194704,0.0039514177260798495,0.00307383242935597,0.0019129226943331305,9.300465396703406e-4,3.404654064323188e-4,8.828338585568679e-5,1.44581463229203e-5,1.1247081963125267e-6
loc83,1.1920456262755822e-10,3.7727081418899645e-9,5.671620317896592e-8,5.385037538678173e-7,3.621662699171473e-6,1.8339534730774974e-5,7.255354836274629e-5,2.296249041124039e-4,5.90476595494259e-4,0.0012458672220329108,0.0021686765336572126,0.003119840776724061,0.003702746912629322,0.003605794718104858,0.00285299714858253,0.0018058915420671746,8.930422803705213e-4,3.3251667237253757e-4,8.769856969132619e-5,1.4608285234690017e-5,1.1558449489924353e-6
loc84,7.583994530288858e-11,2.4669824057462674e-9,3.811778909951503e-8,3.7197778035924586e-7,2.571248042302703e-6,1.3382338092859703e-5,5.441392476448601e-5,1.7700196708405984e-4,4.678100026026846e-4,0.0010144865312897127,0.0018150016161794695,0.0026836283820145467,0.003273570399914484,0.0032764712775884457,0.002664491964775916,0.001733454519541726,8.810499252306415e-4,3.371705497207331e-4,9.13979445544644e-5,1.5647712896633308e-5,1.272503304557797e-6
loc85,3.941926592419816e-11,1.3379098552400384e-9,2.1569435678749112e-8,2.1962327219936563e-7,1.584001587881782e-6,8.601890615490017e-6,3.649406565019308e-5,1.2386270760358746e-4,3.415719973922303e-4,7.728751087752695e-4,0.0014427475001404428,0.002225799138620387,0.0028329281382402875,0.002958492805270876,0.00251031861453237,0.0017040297100579204,9.036817440567825e-4,3.608401905627226e-4,1.0205915724240668e-4,1.8231260525818328e-5,1.5469455454755013e-6
loc86,1.858790124149673e-11,6.623590017729778e-10,1.1211149377578917e-8,1.1984901814331362e-7,9.075206197446954e-7,5.174156621323522e-6,2.304690810833655e-5,8.212507076652669e-5,2.3777282243549628e-4,5.648511802416457e-4,0.0011070310868821877,0.001793082295140706,0.0023960428284961173,0.002627086073924229,0.0023403316045324876,0.0016679018090921005,9.286532700193269e-4,3.893119666020572e-4,1.1560579209858188e-4,2.168148774181797e-5,1.931488712878919e-6
loc87,1.0635319509926073e-11,3.913903183537855e-10,6.841687365396136e-9,7.553426655927753e-8,5.906939024378591e-7,3.4780995427023403e-6,1.5999689595760514e-5,5.88804464087981e-5,1.7605728509271257e-4,4.3193886055250917e-4,8.742678430185368e-4,0.0014624511241492087,0.0020182370068550573,0.0022853269498403317,0.002102557524495829,0.0015475240929085936,8.898503631260725e-4,3.8526325816439584e-4,1.1815058707783952e-4,2.288452064538498e-5,2.105432707595564e-6
loc88,6.776419314903998e-12,2.551580893001952e-10,4.56364675312573e-9,5.155162328314817e-8,4.1248707920394505e-7,2.485074434734871e-6,1.1696568922858481e-5,4.4042052875337554e-5,1.347410704662009e-4,3.382344223672149e-4,7.004700375658184e-4,0.001198880653709308,0.0016928414699041315,0.0019612908318879904,0.0018462524158070776,0.0013903692109108426,8.180111768651142e-4,3.6236761839874605e-4,1.1370438284853495e-4,2.2533708612374856e-5,2.1212006545017007e-6
loc89,4.9555068602228634e-12,1.8875453478227315e-10,3.4150755548854623e-9,3.902391919480016e-8,3.1586327254951017e-7,1.9249897698564e-6,9.165322506826745e-6,3.491057998107128e-5,1.0804128631446757e-4,2.743517909911447e-4,5.747510875222213e-4,9.950993290796482e-4,0.0014213695709181214,0.0016658387693643212,0.001586288904458781,0.001208430268131774,7.192020775820166e-4,3.22285910811914e-4,1.0229852848232548e-4,2.050808450099213e-5,1.9528748816454126e-6
loc90,3.9252339595064835e-12,1.5021065418434435e-10,2.730420507426137e-9,3.13462780702932e-8,2.5490602828989167e-7,1.560756955023245e-6,7.465871004612726e-6,2.857035731444146e-5,8.88329800653611e-5,2.266303985345175e-4,4.7699743315210327e-4,8.297142541772619e-4,0.001190679863211047,0.0014019962045350512,0.0013412879921280822,0.0010265668178031102,6.13821983514696e-4,2.7634951234426083e-4,8.812774274728594e-5,1.7749831537260786e-5,1.6981241337325686e-6
loc91,2.7337741811515834e-12,1.060583899464178e-10,1.9544341020924624e-9,2.2747028875331144e-8,1.8752794981507253e-7,1.1640412768233124e-6,5.644958922642598e-6,2.1899952775065768e-5,6.903175908356187e-5,1.785418677238724e-4,3.809650679144252e-4,6.718075294023043e-4,9.773689257173105e-4,0.0011666955956958396,0.0011315661813821965,8.779956160435883e-4,5.322243812899862e-4,2.4291718089624622e-4,7.85343002902001e-5,1.603570913211288e-5,1.555287104478896e-6
loc92,1.6519344723697324e-12,6.56181887310461e-11,1.238081602552355e-9,1.4753733931862551e-8,1.2453525196490413e-7,7.914868589554995e-7,3.929932978408435e-6,1.561049110547584e-5,5.0381530687178166e-5,1.334171076187949e-4,2.914779007133937e-4,5.262769806563796e-4,7.839296023643828e-4,9.581315157878651e-4,9.514731922438431e-4,7.558889114000314e-4,4.691475176297376e-4,2.1924107316698604e-4,7.257250190252736e-5,1.517224743466945e-5,1.50668112490881e-6
loc93,1.133029033608185e-12,4.560561033843559e-11,8.719450477503992e-10,1.052901158876691e-8,9.005830558936783e-8,5.799906439281963e-7,2.918154182542633e-6,1.1745877520252213e-5,3.841369387924219e-5,1.0307943884648841e-4,2.281980708677728e-4,4.1750965337884803e-4,6.301951009110974e-4,7.804927895276708e-4,7.853913927916744e-4,6.322565929092445e-4,3.9764051376376075e-4,1.8829939909197364e-4,6.316040724483738e-5,1.3380383287368702e-5,1.3464362524748707e-6
loc94,6.801157038908599e-13,2.7994861252394744e-11,5.473529279315566e-10,6.759027553344731e-9,5.912057751840187e-8,3.8936254059610864e-7,2.003363221601397e-6,8.246225621027792e-6,2.757871960560533e-5,7.56795179075895e-5,1.7133124191116855e-4,3.205600511036071e-4,4.94807396504373e-4,6.2668361291842e-4,6.448873585933213e-4,5.308959056219767e-4,3.414482715111444e-4,1.6534897589336216e-4,5.671733025080276e-5,1.2287334902559814e-5,1.2644254271405136e-6
loc95,4.118898403470292e-13,1.7311355077879103e-11,3.456007359406103e-10,4.357585307277925e-9,3.891838561856003e-8,2.617126916975957e-7,1.3749432768684602e-6,5.7787614420783964e-6,1.9733681779887038e-5,5.529257887621514e-5,1.2781432188524835e-4,2.441781640549197e-4,3.848469741925933e-4,4.976851701066631e-4,5.229313673682853e-4,4.395665877189916e-4,2.886653684045374e-4,1.4273344334087638e-4,4.9991305868749514e-5,1.1058363591529834e-5,1.161932390417622e-6
loc96,1.4908066342455918e-13,6.6367143868521815e-12,1.4033905537719982e-10,1.8742676745541e-9,1.7730556249833105e-8,1.26291509626619e-7,7.027744742533313e-7,3.1285837860184774e-6,1.1316261407596525e-5,3.3584858543008715e-5,8.223146437234969e-5,1.663976370288547e-4,2.777859229627151e-4,3.8050352464174213e-4,4.234776593806384e-4,3.770442403409594e-4,2.622673018155276e-4,1.373589726272636e-4,5.095743968722375e-5,1.1939490916518266e-5,1.3287939112480122e-6
loc97,1.1218646243631626e-13,5.010611327420397e-12,1.0630032386612165e-10,1.4243151855538612e-9,1.3518088993165267e-8,9.660187279395568e-8,5.393191250082693e-7,2.4087741588205286e-6,8.741172993524867e-6,2.602727605757819e-5,6.393544173880656e-5,1.2979837383836937e-4,2.1739561578267518e-4,2.98756719926276e-4,3.3358610577798487e-4,2.979807516847322e-4,2.0794979644272915e-4,1.092672054723366e-4,4.066856534837045e-5,9.559947635822683e-6,1.0674456809080344e-6
loc98,7.633505545662921e-14,3.443084167558515e-12,7.376746560462096e-11,9.981819940452903e-10,9.5673636102000508e-09,6.904557907137932e-8,3.892866434669133e-7,1.755873066109788e-6,6.434874787704746e-6,1.9349620668366658e-5,4.8001936587512796e-5,9.841463632567253e-5,1.664617950569938e-4,2.3102279111099672e-4,2.605064310431343e-4,2.3500227068843857e-4,1.6562111288260367e-4,8.78861392392888e-5,3.303412095012313e-5,7.84210706975039e-6,8.842934131192576e-7
loc99,2.0604501758376277e-14,1.0017456840481587e-12,2.3133772073525317e-11,3.3741397781171967e-10,3.4859196060401293e-9,2.7116442503599715e-8,1.6479274507134152e-7,8.011861828716883e-7,3.164843092571376e-6,1.025784865155874e-5,2.7429275670679268e-5,6.061596468288095e-5,1.105130720659257e-4,1.6532009777603997e-4,2.0093751401467757e-4,1.9538282438277376e-4,1.4842319362852913e-4,8.489423694798936e-5,3.439476336307502e-5,8.801041880852511e-6,1.0697183827421327e-6
loc100,1.4063336032699253e-14,6.892289358062745e-13,1.604472433161358e-11,2.3590039199811175e-10,2.4567600708650103e-9,1.92645059492176e-8,1.180165831860631e-7,5.783865495903308e-7,2.30312072057211e-6,7.524897551962608e-6,2.028329136025942e-5,4.5184647273834066e-5,8.30419066720256e-5,1.252244403019747e-4,1.5342787004020105e-4,1.5038668968010786e-4,1.1516077364956985e-4,6.639888646667412e-5,2.7117815284450432e-5,6.994815202802652e-6,8.570208781151992e-7
loc101,5.1229231316202014e-15,2.6424553194234907e-13,6.4742740023254e-12,1.0018487104318087e-10,1.0981227554090324e-9,9.062764337806084e-9,5.8433313407786696e-8,3.014049125447488e-7,1.263174964015929e-6,4.3437224116885706e-6,1.2322946594905172e-5,2.889227226514418e-5,5.588596825660086e-5,8.869706148776726e-5,1.143770928842031e-4,1.1799371169423349e-4,9.509741286683241e-5,5.7708473908148845e-5,2.4805509786846292e-5,6.734174549547285e-6,8.68388754973845e-7
loc102,1.1388916792482273e-15,6.385550588674861e-14,1.7006223774533798e-12,2.8605205625778263e-11,3.4081597115081426e-10,3.0574252703624016e-9,2.142800769678924e-8,1.2014279290606691e-7,5.473145870282793e-7,2.0457930267174236e-6,6.308706356584358e-6,1.6078056940273315e-5,3.380498596697553e-5,5.831943782236717e-5,8.174651885322949e-5,9.166745900363907e-5,8.030658329231451e-5,5.29722174389552e-5,2.475043503654471e-5,7.3037376645397475e-6,1.0237669480146348e-6
loc103,2.365251369979022e-16,1.4445231121959147e-14,4.190494709664475e-13,7.677746056689128e-12,9.964141130878324e-11,9.736593642045448e-10,7.4330020101199155e-9,4.539535768966537e-8,2.252589234855156e-7,9.171448620168809e-7,3.080688724999128e-6,8.55209133607198e-6,1.9586227307643274e-5,3.6805660990975195e-5,5.619553658855143e-5,6.864027429366491e-5,6.55007433242346e-5,4.706244597672907e-5,2.3951925995664016e-5,7.69899490810827e-6,1.1754962101067965e-6
loc104,1.582284685144697e-16,9.724429367071427e-15,2.83881595495528e-13,5.234051526742818e-12,6.835596673166502e-11,6.721650297605419e-10,5.163752623255117e-9,3.1735469682108545e-8,1.584702713137885e-7,6.492860080277544e-7,2.1947155217102755e-6,6.131052795210938e-6,1.4130119190757938e-5,2.6720339131982196e-5,4.105456701197131e-5,5.0462756904849465e-5,4.845855961833727e-5,3.503733591594094e-5,1.7944416151518088e-5,5.804371929203024e-6,8.918149397462156e-7
loc105,8.308845918600556e-17,5.218109933334415e-15,1.556608340433732e-13,2.932737057505757e-12,3.913853633620893e-11,3.9327567218440223e-10,3.087305553124613e-9,1.9388853676939194e-8,9.893455890745779e-8,4.142182999040086e-7,1.4307524240552064e-6,4.084268911189403e-6,9.618738443645919e-6,1.8586913313889074e-5,2.9182319043883925e-5,3.665407936852722e-5,3.59678816867117e-5,2.657470512881412e-5,1.3907841330252723e-5,4.597043839757246e-6,7.217572801088601e-7
loc106,7.50346088798351e-18,5.392522775751588e-16,1.8408396608617162e-14,3.968876474161776e-13,6.0611758145618755e-12,6.969589977916065e-11,6.261056273670832e-10,4.499642106498091e-9,2.6274333417217154e-8,1.2588408067974475e-7,4.975810899360554e-7,1.625442276401311e-6,4.380595814559741e-6,9.686796760148095e-6,1.740405958430108e-5,2.5015599894491575e-5,2.809061923931802e-5,2.375049974693138e-5,1.4224004177627385e-5,5.380202663903101e-6,9.666494513791522e-7
loc107,3.703206138432111e-18,2.7248585154478975e-16,9.523654596952763e-15,2.102281943533282e-13,3.287123066699052e-12,3.869920256035175e-11,3.5594106733369654e-10,2.6190522808230255e-9,1.565790330718839e-8,7.68083467239668e-8,3.1084019736554037e-7,1.0396342165445488e-6,2.868652232017486e-6,6.49472265596649e-6,1.1947215246081009e-5,1.7581776429521733e-5,2.021384115792465e-5,1.7498305411137777e-5,1.0729532897322115e-5,4.155212933865286e-6,7.643624823391454e-7
loc108,2.1879719088236373e-18,1.6284385489832275e-16,5.756978625420995e-15,1.2854213367412546e-13,2.0329845195845708e-12,2.4209381100930805e-11,2.2522849398108698e-10,1.6763047114504798e-9,1.0136918809513416e-8,5.029726171149343e-8,2.058906686687386e-7,6.965360777173468e-7,1.9440369557618166e-6,4.451955230101083e-6,8.283624992861415e-6,1.2330482132148531e-5,1.433935831065982e-5,1.2555685363553868e-5,7.787334156523524e-6,3.0504565445566533e-6,5.675896716408228e-7
loc109,1.516726890405344e-18,1.1295914988574296e-16,3.996032885829767e-15,8.928208774188089e-14,1.4129841825633604e-12,1.6837255864483497e-11,1.5674559811098402e-10,1.1673722951016635e-9,7.0639364012946245e-9,3.5072728245049754e-8,1.436634423433765e-7,4.863373413866761e-7,1.358260005185807e-6,3.1125302473607746e-6,5.795189182700695e-6,8.632004188044344e-6,1.0044901840311208e-5,8.801177912199087e-6,5.462275274277679e-6,2.1410855015545647e-6,3.9864658498877214e-7
loc110,5.897613350337583e-19,4.5558463005387856e-17,1.6716888313216972e-15,3.874087834560914e-14,6.359473539762824e-13,7.860205755358788e-12,7.589911203227473e-11,5.863129171508384e-10,3.6799811939274698e-9,1.8951653505110468e-8,8.051977717049596e-8,2.8273049325299755e-7,8.190241089192738e-7,1.946731661419691e-6,3.759575997514708e-6,5.8084684032029036e-6,7.010910524989514e-6,6.371596516860697e-6,4.1016612279558726e-6,1.6676271374452128e-6,3.220562485828674e-7
loc111,3.629313568075752e-19,2.8230227764481513e-17,1.043032597558358e-15,2.43393528080817e-14,4.023072417451936e-13,5.006886223628708e-12,4.86819118245904e-11,3.786670490274656e-10,2.3931547062152622e-9,1.2409932101461075e-8,5.309113190609707e-8,1.8771077103029262e-7,5.475330652031339e-7,1.3104392119539044e-6,2.5482778444919782e-6,3.9643013813949225e-6,4.818108542800608e-6,4.4090755814051665e-6,2.857960271715012e-6,1.170017819725075e-6,2.2752146459511535e-7
loc112,1.7548968297516795e-19,1.3945339823959463e-17,5.263810228991223e-16,1.2548707337257628e-14,2.119021862457533e-13,2.6942192352630833e-12,2.676211655225067e-11,2.126659547173232e-10,1.3730895188584099e-9,7.274197785521448e-9,3.179254591512321e-8,1.1483655053850921e-7,3.422070234388243e-7,8.367256259249647e-7,1.6622662647623987e-6,2.64184965714429e-6,3.2802401300833333e-6,3.066650082663353e-6,2.030768836800374e-6,8.493455225571747e-7,1.6873373606946195e-7
loc113,3.7794270316149775e-20,3.223806760241262e-18,1.3061878749633294e-16,3.3424886361565023e-15,6.058594838227673e-14,8.26865610417991e-13,8.816332880547334e-12,7.520228146513677e-11,5.211916180487484e-10,2.9638020923833882e-9,1.3904485594865297e-8,5.391073866180169e-8,1.7244459506728136e-7,4.525944901127695e-7,9.651444284201536e-7,1.6465136683009426e-6,2.1944637086754135e-6,2.202178478363275e-6,1.565360261934482e-6,7.027546702079432e-7,1.498603649214644e-7
loc114,1.969461408641406e-20,1.705629342673384e-18,7.016417965167181e-17,1.8229463612752816e-15,3.354826060221346e-14,4.648653478781186e-13,5.032390925851826e-12,4.358244131758416e-11,3.066705748002535e-10,1.7705901001453603e-9,8.433695265478737e-9,3.3199566063295047e-8,1.0782038009183761e-7,2.8731260578056825e-7,6.22059422932964e-7,1.0774547802618233e-6,1.4579957626318058e-6,1.4855063738428994e-6,1.0720880544792438e-6,4.886681563711656e-7,1.0580135547206889e-7
loc115,1.021220776741697e-20,8.97634341570751e-19,3.7477696206449396e-17,9.88266237547583e-16,1.8459192997125543e-14,2.5960467596076957e-13,2.8523468881802247e-12,2.5071606250238143e-11,1.7905454350224885e-10,1.0492377418766208e-9,5.072434071720329e-9,2.0266257092529965e-8,6.680125672505997e-8,1.806679386148791e-7,3.9700951502118326e-7,6.979281713213706e-7,9.585407313419526e-7,9.912232126178198e-7,7.260558605217313e-7,3.358893638024198e-7,7.381014830098378e-8
loc116,3.0336346007856203e-21,2.7981300448946727e-19,1.2259312902761751e-17,3.392282487228293e-16,6.648988324064767e-15,9.812511496487497e-14,1.1313443627606655e-12,1.0435167939286512e-11,7.820372467761289e-11,4.808845283837218e-10,2.439540990387797e-9,1.0227984578433433e-8,3.5377403734066756e-8,1.0040312321476899e-7,2.3152178215180554e-7,4.270969578991216e-7,6.155327000691474e-7,6.679390423900756e-7,5.134051362530167e-7,2.492362646757614e-7,5.747194143668173e-8
loc117,2.1444604054556592e-23,2.5878146007030767e-21,1.483344055000099e-19,5.3700493517572075e-18,1.3770583349401566e-16,2.6588108830451263e-15,4.010629903767365e-14,4.83980333541311e-13,4.745327721855324e-12,3.8175969838370715e-11,2.533774115895128e-10,1.3898257099411886e-9,6.289364078724018e-9,2.335277536577935e-8,7.045205043744164e-8,1.7003516997343986e-7,3.2060767359213896e-7,4.55166314707443e-7,4.5772432696492307e-7,2.907137148159333e-7,8.770425346993693e-8
loc118,2.780021533757688e-25,4.196876256567247e-23,3.0095237742049986e-21,1.363003708945721e-19,4.372541866215356e-18,1.0561654672860584e-16,1.99305820064445e-15,3.0088323197033334e-14,3.690620243400734e-13,3.714378056297235e-12,3.0840882653971854e-11,2.1163238317385732e-10,1.1980953833600653e-9,5.565267425747252e-9,2.1004098742533072e-8,6.341792841005738e-8,1.4959259012976413e-7,2.656862998871197e-7,3.342457693676789e-7,2.655769154612409e-7,1.002324475959262e-7
loc119,9.686394678694933e-26,1.5126606461353205e-23,1.1220558272466996e-21,5.256722699032863e-20,1.7444292085703234e-18,4.358656860558708e-17,8.508285231083581e-16,1.3286830303809735e-14,1.6858700897542568e-13,1.7551417383923717e-12,1.507489275697529e-11,1.0700668202710357e-10,6.266449056063676e-10,3.0110467604051877e-9,1.1755384973513791e-8,3.671522546715107e-8,8.958711955075215e-8,1.6459096634133046e-7,2.1419241949872924e-7,1.7604749234341265e-7,6.873045192563043e-8
loc120,3.515016871234287e-26,5.6612825345074366e-24,4.331076500359928e-22,2.092688198548517e-20,7.162273073802163e-19,1.8456879358693247e-17,3.7158288488594604e-16,5.984710097815302e-15,7.831661409750411e-14,8.409110506796718e-13,7.4490375730074e-12,5.453369183991245e-11,3.2936965361609053e-10,1.6322536098218968e-9,6.572264936189742e-9,2.1170566206893527e-8,5.327701878081322e-8,1.0095048388555506e-7,1.3549228737904636e-7,1.1485459884639499e-7,4.624617450474923e-8
loc121,1.8856196384925614e-26,3.0622257453838448e-24,2.3621850897323e-22,1.1508488535242644e-20,3.971552744401971e-19,1.0319613406470621e-17,2.0948674649574126e-16,3.4020419353968586e-15,4.488964212816049e-14,4.860019310356512e-13,4.340940120311692e-12,3.204381569236735e-11,1.9514552814044803e-10,9.751206498659114e-10,3.958963273820644e-9,1.2858626432014111e-8,3.262854563376563e-8,6.233929712608193e-8,8.436528268643446e-8,7.210963145125075e-8,2.927631392520513e-8
loc122,9.58324538161265e-27,1.5731097307221538e-24,1.2265889164013525e-22,6.040413919764011e-21,2.1070364229251364e-19,5.533990823191061e-18,1.1355201796241646e-16,1.863980074459447e-15,2.4860567839442354e-14,2.720609398464129e-13,2.4562654103967396e-12,1.8327322437444972e-11,1.1281755859976581e-10,5.698226986866017e-10,2.338439631865627e-9,7.677194923240348e-9,1.969105577866849e-8,3.802738710066549e-8,5.201895800071201e-8,4.4942213291256016e-8,1.8443395278262293e-8
loc123,4.8295889871498e-27,8.012602536298117e-25,6.314378883662737e-23,3.142789690365067e-21,1.107994697085607e-19,2.941176532808824e-18,6.099504173437018e-17,1.0119474501925523e-15,1.3640954419029648e-14,1.5087487605572066e-13,1.3767118273839825e-12,1.038206611671128e-11,6.459196335349223e-11,3.297300681392444e-10,1.3676091212398678e-9,4.537905127193054e-9,1.1763562537481368e-8,2.2960607127662033e-8,3.17442849684095e-8,2.7718860693683307e-8,1.1496848597698984e-8
loc124,2.588709320495284e-27,4.323279724761236e-25,3.4295488603192936e-23,1.7182576972442183e-21,6.097857641603766e-20,1.6293985020385016e-18,3.4014757140015785e-17,5.680642037398474e-16,7.708162146266008e-15,8.582022157602428e-14,7.882833794322497e-13,5.983974549303908e-12,3.7475812228615294e-11,1.9257404023898604e-10,8.040217542861012e-10,2.6855166171434127e-9,7.007739007164858e-9,1.3768576499053449e-8,1.9161868022386092e-8,1.6842800032037923e-8,7.032088858936251e-9
loc125,1.0605590527116397e-27,1.8088737202656495e-25,1.465464332762381e-23,7.49842240111813e-22,2.717704476622707e-20,7.416442027840979e-19,1.5811716292146484e-17,2.696822774746203e-16,3.737224357564984e-15,4.2494361251276496e-14,3.986276221178484e-13,3.090424243607183e-12,1.9766180809686698e-11,1.0373201081722465e-10,4.4230943066733725e-10,1.5087927509819612e-9,4.020897559877331e-9,8.068215265220423e-9,1.146752313114834e-8,1.029412453218904e-8,4.389376360469768e-9
loc126,2.4672444397072248e-28,4.4324182659868016e-26,3.7823603531223915e-24,2.0385093809002531e-22,7.782160899211433e-21,2.236911207556288e-19,5.023279177467516e-18,9.024348792939308e-17,1.3172487624282615e-15,1.5776297858103156e-14,1.5588213441190845e-13,1.2729232528487951e-12,8.575551209564916e-12,4.740315422395329e-11,2.12900071093656e-10,7.649523077311186e-10,2.1472516355372327e-9,4.5382934417954775e-9,6.794224366289819e-9,6.424137688459777e-9,2.885249711710983e-9
loc127,8.751541992917785e-29,1.6164648530171248e-26,1.4182133228615841e-24,7.858587637498451e-23,3.084502454696991e-21,9.115632076902895e-20,2.1046432270555388e-18,3.887408421771823e-17,5.833983895825735e-16,7.183823474234176e-15,7.297935599437228e-14,6.127157313647986e-13,4.2439668579694154e-12,2.4119611479558653e-11,1.113760987968942e-10,4.1143731999923763e-10,1.1874228270581934e-9,2.5802878236478295e-9,3.971628257978373e-9,3.860972214031788e-9,1.7828646333151336e-9
loc128,3.567361132186811e-30,7.62520364643645e-28,7.741933332564824e-26,4.9644947139192495e-24,2.2549574828350243e-22,7.711923467701198e-21,2.0605212357245239e-19,4.4043463664064174e-18,7.649080046059721e-17,1.0899895076101625e-15,1.2814137433855415e-14,1.24500491929673e-13,9.97945228140523e-13,6.5633825121219244e-12,3.507293375265202e-11,1.4993618668374363e-10,5.007614150337009e-10,1.2592625939390455e-9,2.2430524429970103e-9,2.523423814398707e-9,1.3484491587807383e-9
loc129,7.639055976335857e-33,2.2085891273730073e-30,3.033079382601616e-28,2.630754179950235e-26,1.616271968726846e-24,7.476694938360944e-23,2.7020595216055336e-21,7.812142363427526e-20,1.835138117887701e-18,3.5371439498545825e-17,5.624587294020696e-16,7.391681036609999e-15,8.014007107539546e-14,7.129213154179281e-13,5.152960885422615e-12,2.97962822122995e-11,1.3460380676879564e-10,4.5783991704411185e-10,1.1030816133055844e-9,1.6785306741254401e-9,1.2132338761227804e-9
loc130,8.198801027515858e-34,2.590409002966487e-31,3.88758541713804e-29,3.684844734208754e-27,2.473979640649413e-25,1.2506451346310142e-23,4.939262468670397e-22,1.5605586626530188e-20,4.006097015416423e-19,8.438168573400285e-18,1.4663204134665216e-16,2.1058342929597467e-15,2.4950166918909247e-14,2.425538030419224e-13,1.9158702382058235e-12,1.2106373839072558e-11,5.976571239037602e-11,2.2215248148537517e-10,5.84908478426454e-10,9.72640411138902e-10,7.682636977063718e-10
loc131,3.4152272048994344e-35,1.2383827657175872e-32,2.1329653831155987e-30,2.3202798044006003e-28,1.787864464549104e-26,1.037265356593672e-24,4.701486401983543e-23,1.7047884032779715e-21,5.0226064521083504e-20,1.2141523625621863e-18,2.4214258636362535e-17,3.9910189892120177e-16,5.426881768072579e-15,6.054834782769671e-14,5.488802497160738e-13,3.980548296851414e-12,2.2552683326307934e-11,9.620875489947517e-11,2.9071580705703433e-10,5.548177456918987e-10,5.029509701385757e-10
loc132,1.4141652113190521e-36,5.877930902794102e-34,1.1604927009378606e-31,1.4470648524044287e-29,1.2781188991007697e-27,8.499934253042046e-26,4.41621192999367e-24,1.8355838744176992e-22,6.199004199560764e-21,1.7177303877228518e-19,3.926829232056853e-18,7.418970797739708e-17,1.1563764978603263e-15,1.4789048141962506e-14,1.5367547299418453e-13,1.2774940360348298e-12,8.296658883587309e-12,4.0570338933730384e-11,1.4052439267507973e-10,3.0741315151117874e-10,3.1943814780796524e-10
loc133,6.5770083650630434e-37,2.757790520468757e-34,5.49272383887162e-32,6.909424875384476e-30,6.15649759006625e-28,4.130347355703396e-26,2.1648582743768575e-24,9.077418327378985e-23,3.092563315956003e-21,8.644904920598763e-20,1.9936815546507e-18,3.799845950308848e-17,5.974893081709771e-16,7.708673603538109e-15,8.08076628811666e-14,6.776655716562401e-13,4.439850313178113e-12,2.1901924770008476e-11,7.653038833430433e-11,1.688936013404514e-10,1.770459861426909e-10
loc134,3.5320732462654884e-37,1.4820427306469264e-34,2.953829064695207e-32,3.718241883177573e-30,3.315336364867441e-28,2.225761389018229e-26,1.1673998728072837e-24,4.898359616640151e-23,1.6699561211137096e-21,4.671376001640057e-20,1.0780490945277065e-18,2.0561125440915917e-17,3.235259899322042e-16,4.17692654730879e-15,4.3815510001316966e-14,3.676959879339881e-13,2.4106820909901496e-12,1.1900139162576587e-11,4.1610393079642545e-11,9.189232541099368e-11,9.639406050086848e-11
loc135,6.646927733015038e-38,2.946719939559507e-35,6.20512273746808e-33,8.252576061760657e-31,7.774390928821369e-29,5.514476146108988e-27,3.0558510391299413e-25,1.354721692640304e-23,4.879680188334962e-22,1.4421751408769794e-20,3.516402657077451e-19,7.085880494056336e-18,1.1779937765906244e-16,1.6068581500339358e-15,1.7808832670281357e-14,1.5790044495035591e-13,1.093758105928824e-12,5.704535192360666e-12,2.1074482668831467e-11,4.917237967953499e-11,5.4497821210533584e-11
loc136,1.6017669641671406e-39,8.343520674151865e-37,2.0643958159165744e-34,3.225999078840174e-32,3.570862993736033e-30,2.9760702903038836e-28,1.9377743884072922e-26,1.0093765843101356e-24,4.271954411861077e-23,1.4834925325911564e-21,4.250089426793182e-20,1.0062952009399888e-18,1.9656522299675632e-17,3.150455405392269e-16,4.102639521840785e-15,4.274087109402961e-14,3.4786714217597827e-13,2.1317903786574445e-12,9.253654191063397e-12,2.5369369801501294e-11,3.3036931427021343e-11
loc137,4.633280852080141e-45,4.499723993609598e-42,2.0757580677519888e-39,6.047769613317725e-37,1.248105860070696e-34,1.9394056399938643e-32,2.3543765126239053e-30,2.2865103200226576e-28,1.804237831172805e-26,1.1681531249375977e-24,6.239642591863394e-23,2.7544461256130153e-21,1.0031428902287449e-19,2.9976207598152035e-18,7.278031748618742e-17,1.413647699375236e-15,2.1451539532908387e-14,2.450963194782788e-13,1.9835940318019497e-12,1.0139030775309917e-11,2.4616919148730935e-11
loc138,1.7714239737621376e-47,2.2096089879624098e-44,1.3091877930976838e-41,4.899097828763577e-39,1.298577746255154e-36,2.591676845018115e-34,4.040952741598564e-32,5.040535540909641e-30,5.10849486077183e-28,4.248098827652293e-26,2.9144070644300583e-24,1.6524199892620671e-22,7.729379261210496e-21,2.966567034797381e-19,9.25096600329938e-18,2.307862818951501e-16,4.498035993280961e-15,6.600805112420215e-14,6.861334214838766e-13,4.504513399829233e-12,1.4046910059483257e-11
loc139,3.50995095470666e-48,4.59635191425677e-45,2.8590325951413625e-42,1.1231883389121708e-39,3.1255305255768946e-37,6.548712913513252e-35,1.0719590360508539e-32,1.4037520839857393e-30,1.4935714665459287e-28,1.3039080712570844e-26,9.391217256797936e-25,5.58999515332548e-23,2.7450794813692478e-21,1.106072990043397e-19,3.62106249538648e-18,9.483709457532409e-17,1.940485898248984e-15,2.9895360155103944e-14,3.2623816697507294e-13,2.2485025883770023e-12,7.36114927933641e-12
loc140,7.417797439417033e-57,2.574172530037075e-53,4.2432043036298324e-50,4.417513438570356e-47,3.2576130454775036e-44,1.8087650591478663e-41,7.846118350117833e-39,2.7228112508125863e-36,7.6772129619930655e-34,1.7761310663452626e-31,3.390005336408766e-29,5.3473718169245584e-27,6.958799639369576e-25,7.430424968306436e-23,6.446386544028975e-21,4.474134349223843e-19,2.4260052073095113e-17,9.904566786263996e-16,2.8642895629678923e-14,5.231497249321796e-13,4.5386708858509914e-12
